{"inputUnits":[36],"outputUnits":3,"inputs":{"0":{"dtype":"number","min":146.89549198766696,"max":292.81943522366765},"1":{"dtype":"number","min":65.09692987414957,"max":132.4217719246366},"2":{"dtype":"number","min":129.35421680499317,"max":291.54929348305143},"3":{"dtype":"number","min":69.26740141343475,"max":138.00793883640588},"4":{"dtype":"number","min":104.65133255068149,"max":273.30356174787926},"5":{"dtype":"number","min":72.65630846297056,"max":133.52273375329042},"6":{"dtype":"number","min":141.69151436044297,"max":294.7245169008785},"7":{"dtype":"number","min":63.733840256477286,"max":129.05295941387885},"8":{"dtype":"number","min":118.62236924374078,"max":288.9254287034338},"9":{"dtype":"number","min":62.1124392922256,"max":118.37034081812095},"10":{"dtype":"number","min":99.79411482371954,"max":270.5841848309391},"11":{"dtype":"number","min":67.92369595215519,"max":126.63256906488476},"12":{"dtype":"number","min":157.01688641723698,"max":308.5888456109348},"13":{"dtype":"number","min":40.50913757893558,"max":104.9397651808563},"14":{"dtype":"number","min":91.4816973280732,"max":302.0843147803238},"15":{"dtype":"number","min":32.223259919739654,"max":90.977657023117},"16":{"dtype":"number","min":125.07118245254306,"max":314.03580725693996},"17":{"dtype":"number","min":21.547123466805903,"max":81.06000530157876},"18":{"dtype":"number","min":10.389046012558932,"max":151.1013131560032},"19":{"dtype":"number","min":66.97617135531483,"max":128.730996572151},"20":{"dtype":"number","min":16.47312181115583,"max":176.7931373041209},"21":{"dtype":"number","min":69.85775095498948,"max":140.6059300493028},"22":{"dtype":"number","min":36.200436594920944,"max":205.93069314631637},"23":{"dtype":"number","min":68.35483939138844,"max":136.62305347559496},"24":{"dtype":"number","min":10.445017466290182,"max":157.8619337968812},"25":{"dtype":"number","min":64.63339379059722,"max":126.79974688074905},"26":{"dtype":"number","min":21.16729488140047,"max":186.36382039679842},"27":{"dtype":"number","min":59.18613929614841,"max":119.06925552946218},"28":{"dtype":"number","min":39.52915154543623,"max":212.37431854048543},"29":{"dtype":"number","min":63.75615483923674,"max":129.2726409271587},"30":{"dtype":"number","min":0.338999026932387,"max":138.27426234343133},"31":{"dtype":"number","min":45.38958500988005,"max":108.05277462001061},"32":{"dtype":"number","min":11.200458085398356,"max":220.42673122261854},"33":{"dtype":"number","min":29.04447749645674,"max":92.68840424767086},"34":{"dtype":"number","min":0,"max":186.76573304011455},"35":{"dtype":"number","min":24.33520758244317,"max":85.54298926844541}},"outputs":{"0":{"dtype":"string","min":0,"max":1,"uniqueValues":["neutral","up","down"],"legend":{"neutral":[1,0,0],"up":[0,1,0],"down":[0,0,1]}}},"isNormalized":true}