{"inputUnits":[42],"outputUnits":3,"inputs":{"0":{"dtype":"number","min":-33.08883705807985,"max":655.5243053907174},"1":{"dtype":"number","min":61.64151683175903,"max":524.3948300193796},"2":{"dtype":"number","min":-14.304490529089868,"max":627.4942008617691},"3":{"dtype":"number","min":109.07325305609486,"max":487.4308338470076},"4":{"dtype":"number","min":8.412783806741828,"max":601.3817076688679},"5":{"dtype":"number","min":95.59493831338877,"max":485.87156595138435},"6":{"dtype":"number","min":13.909434644149187,"max":620.491307523199},"7":{"dtype":"number","min":43.864617578139814,"max":472.08942630563087},"8":{"dtype":"number","min":-1.2876602889936706,"max":640.414027545133},"9":{"dtype":"number","min":16.935966840418107,"max":451.74403076886097},"10":{"dtype":"number","min":34.94421095569405,"max":576.9036601104765},"11":{"dtype":"number","min":64.88733228883935,"max":435.89695502623414},"12":{"dtype":"number","min":10.20645600041183,"max":625.0811231691865},"13":{"dtype":"number","min":5.582736807551156,"max":437.3944386388006},"14":{"dtype":"number","min":-4.024828461138865,"max":625.1443348317209},"15":{"dtype":"number","min":42.45219008544508,"max":457.560493977246},"16":{"dtype":"number","min":-13.319863681882733,"max":658.0792088820226},"17":{"dtype":"number","min":9.621512707524689,"max":457.9385900184221},"18":{"dtype":"number","min":15.463901166622666,"max":610.1981363119995},"19":{"dtype":"number","min":68.27113776788944,"max":427.8587060922383},"20":{"dtype":"number","min":15.43064284491848,"max":637.3608558276361},"21":{"dtype":"number","min":25.18932918810931,"max":408.7208231240406},"22":{"dtype":"number","min":11.527373980853483,"max":666.2521352362841},"23":{"dtype":"number","min":28.683385255290567,"max":439.60445998280295},"24":{"dtype":"number","min":-25.464648226790594,"max":698.0928112280627},"25":{"dtype":"number","min":-2.216525888839884,"max":443.010387977759},"26":{"dtype":"number","min":-10.405107959216462,"max":662.9606719386686},"27":{"dtype":"number","min":46.118321197534044,"max":447.8745333634907},"28":{"dtype":"number","min":-11.581922068093355,"max":688.5224346455362},"29":{"dtype":"number","min":25.410744947303762,"max":410.4848085537831},"30":{"dtype":"number","min":-19.023388745569445,"max":679.0226314622605},"31":{"dtype":"number","min":12.802421584437882,"max":424.6126982461127},"32":{"dtype":"number","min":-28.692205146593217,"max":710.590776465109},"33":{"dtype":"number","min":-3.0408837062443794,"max":435.4972457504309},"34":{"dtype":"number","min":-51.686303544307215,"max":707.8832969360616},"35":{"dtype":"number","min":2.7957422417441657,"max":472.7333258140466},"36":{"dtype":"number","min":-60.53643425456934,"max":723.1970894301512},"37":{"dtype":"number","min":-0.8276107491226581,"max":445.90127801198963},"38":{"dtype":"number","min":-64.7382342920796,"max":711.4345882953102},"39":{"dtype":"number","min":2.5617214147439737,"max":437.28869731776905},"40":{"dtype":"number","min":-69.72954483988377,"max":704.8968062887297},"41":{"dtype":"number","min":-6.635112843621789,"max":441.559961046152}},"outputs":{"0":{"dtype":"string","min":0,"max":1,"uniqueValues":["rock","paper","scissors"],"legend":{"rock":[1,0,0],"paper":[0,1,0],"scissors":[0,0,1]}}},"isNormalized":true}